source,target
Cylindropuntia,Cylindropuntia bigelovii
Cylindropuntia,Cylindropuntia acanthocarpa
Cylindropuntia,Cylindropuntia arbuscula
Cylindropuntia,Cylindropuntia leptocaulis
Cylindropuntia,Cylindropuntia ramosissima
Cylindropuntia,Cylindropuntia spinosior
Cylindropuntia,Cylindropuntia echinocarpa
Cylindropuntia,Cylindropuntia x tetracantha
Cylindropuntia,Cylindropuntia x kelvinensis
Opuntia,Opuntia microdasys
Grusonia,Grusonia kunzei
Grusonia,Grusonia parishii
Cylindropuntia,Cylindropuntia fulgida
Cylindropuntia,Cylindropuntia versicolor
Carnegiea,Carnegiea gigantea
Stenocereus,Stenocereus thurberi
Opuntia,Opuntia pinkavae
Opuntia,Opuntia X neoarbuscula
Sclerocactus,Sclerocactus erectocentrus
Sclerocactus,Sclerocactus intertextus
Sclerocactus,Sclerocactus johnsonii
Sclerocactus,Sclerocactus papyracanthus
Opuntia,Opuntia aurea
Peniocereus,Peniocereus greggii
Peniocereus,Peniocereus striatus
Lophocereus,Lophocereus schottii
Coryphantha,Coryphantha chlorantha
Echinocereus,Echinocereus dasyacanthus
Echinocereus,Echinocereus coccineus
Echinocereus,Echinocereus nicholii
Echinocereus,Echinocereus polyacanthus
Echinocereus,Echinocereus rigidissimus
Escobaria,Escobaria vivipara
Escobaria,Escobaria missouriensis
Ferocactus,Ferocactus cylindraceus
Ferocactus,Ferocactus emoryi
Ferocactus,Ferocactus wislizeni
Cylindropuntia,Cylindropuntia imbricata
Cylindropuntia,Cylindropuntia whipplei
Opuntia,Opuntia basilaris
Opuntia,Opuntia chlorotica
Opuntia,Opuntia erinacea
Opuntia,Opuntia ficus-indica
Opuntia,Opuntia fragilis
Opuntia,Opuntia kleiniae
Opuntia,Opuntia littoralis
Opuntia,Opuntia macrorhiza
Sclerocactus,Sclerocactus parviflorus
Sclerocactus,Sclerocactus whipplei
Pediocactus,Pediocactus bradyi
Pediocactus,Pediocactus paradinei
Pediocactus,Pediocactus peeblesianus
Pediocactus,Pediocactus sileri
Pediocactus,Pediocactus simpsonii
Opuntia,Opuntia nicholii
Opuntia,Opuntia phaeacantha
Opuntia,Opuntia polyacantha
Opuntia,Opuntia pulchella
Mammillaria,Mammillaria grahamii
Mammillaria,Mammillaria heyderi
Mammillaria,Mammillaria Lasiacantha
Mammillaria,Mammillaria mainiae
Epithelantha,Epithelantha micromeris
Mammillaria,Mammillaria tetrancistra
Mammillaria,Mammillaria thornberi
Mammillaria,Mammillaria viridiflora
Mammillaria,Mammillaria wrightii
Echinocereus,Echinocereus engelmannii
Echinocereus,Echinocereus fendleri
Echinocereus,Echinocereus pectinatus
Echinocereus,Echinocereus triglochidiatus
Echinocactus,Echinocactus horizonthalonius
Echinocactus,Echinocactus polycephalus
Coryphantha,Coryphantha recurvata
Coryphantha,Coryphantha scheeri
Opuntia,Opuntia gosseliniana
Opuntia,Opuntia macrocentra
Opuntia,Opuntia martiniana
Opuntia,Opuntia santa-rita
Opuntia,Opuntia engelmannii
Escobaria,Escobaria tuberculosa
Cylindropuntia,Cylindropuntia
Opuntia,Opuntia
Grusonia,Grusonia
Stenocereus,Stenocereus
Sclerocactus,Sclerocactus
Echinocereus,Echinocereus
Escobaria,Escobaria
Ferocactus,Ferocactus
Pediocactus,Pediocactus
Mammillaria,Mammillaria
Echinocactus,Echinocactus
Coryphantha,Coryphantha
Coryphantha,Coryphantha dasyacantha var. varicolor
Coryphantha,Coryphantha strobiliformis var. orcuttii
Echinocactus,Echinocactus wislizeni
Echinomastus,Echinomastus erectocentrus
Echinomastus,Echinomastus johnsonii
Neolloydia,Neolloydia erectocentra var. acunensis
Opuntia,Opuntia spinosior
Pachycereus,Pachycereus schottii
Echinocereus,Echinocereus engelmannii var. nicholii
Echinocereus,Echinocereus pectinatus var. neomexicanus
Echinocereus,Echinocereus pectinatus var. rigidissimus
Echinocereus,Echinocereus triglochidiatus var. gonacanthus
Echinocereus,Echinocereus triglochidiatus var. melanacanthus
Echinocereus,Echinocereus triglochidiatus var. polyacanthus
Echinomastus,Echinomastus erectocentrus var. acunensis
Escobaria,Escobaria strobiliformis
Opuntia,Opuntia erinacea var. aurea
Opuntia,Opuntia phaeacantha var. superbospina
Opuntia,Opuntia violacea var. santa-rita
Echinocereus,Echinocereus triglochidiatus var. toroweapensis
Toumeya,Toumeya papyracantha
Sclerocactus,Sclerocactus whipplei var. roseus
Opuntia,Opuntia californica
Opuntia,Opuntia x congesta
Opuntia,Opuntia X vivipara
Escobaria,Escobaria vivipara var. alversonii
Sclerocactus,Sclerocactus sileri
Coryphantha,Coryphantha alversonii
Opuntia,Opuntia compressa
Opuntia,Opuntia acanthocarpa
Opuntia,Opuntia arbuscula
Opuntia,Opuntia bigelovii
Opuntia,Opuntia echinocarpa
Opuntia,Opuntia fulgida
Opuntia,Opuntia imbricata
Opuntia,Opuntia x kelvinensis
Opuntia,Opuntia leptocaulis
Opuntia,Opuntia ramosissima
Opuntia,Opuntia versicolor
Opuntia,Opuntia vulgaris
Opuntia,Opuntia whipplei
Echinocereus,Echinocereus pectinatus var. dasyacanthus
Echinocereus,Echinocereus triglochidiatus var. mojavensis
Ferocactus,Ferocactus covillei
Coryphantha,Coryphantha strobiliformis
Neolloydia,Neolloydia erectocentra
Cereus,Cereus thurberi
Opuntia,Opuntia basilaris var. woodburyi
Opuntia,Opuntia kunzei
Opuntia,Opuntia X tetracantha
Lemaireocereus,Lemaireocereus thurberi
Coryphantha,Coryphantha strobiliformis var. strobiliformis
Echinocereus,Echinocereus santaritensis
Echinocereus,Echinocereus mojavensis
Opuntia,Opuntia emoryi
Cereus,Cereus schottii
Cylindropuntia,Cylindropuntia x neoarbuscula
Grusonia,Grusonia pulchella
Grusonia,Grusonia emoryi
Sclerocactus,Sclerocactus parviflorus subsp. intermedius
Sclerocactus,Sclerocactus parviflorus subsp. parviflorus
Coryphantha,Coryphantha missouriensis var. marstonii
Coryphantha,Coryphantha scheeri var. robustispina
Coryphantha,Coryphantha scheeri var. valida
Coryphantha,Coryphantha vivipara var. arizonica
Coryphantha,Coryphantha vivipara var. bisbeeana
Coryphantha,Coryphantha vivipara var. buoflama
Coryphantha,Coryphantha vivipara var. deserti
Coryphantha,Coryphantha vivipara var. kaibabensis
Coryphantha,Coryphantha vivipara var. rosea
Echinocereus,Echinocereus coccineus var. coccineus
Echinocereus,Echinocereus engelmannii var. acicularis
Echinocereus,Echinocereus engelmannii var. chrysocentrus
Echinocereus,Echinocereus engelmannii var. engelmannii
Echinocereus,Echinocereus engelmannii var. variegatus
Echinocereus,Echinocereus fasciculatus var. bonkerae
Echinocereus,Echinocereus fasciculatus var. boyce-thompsonii
Echinocereus,Echinocereus fendleri var. bonkerae
Echinocereus,Echinocereus fendleri var. boyce-thompsonii
Echinocereus,Echinocereus fendleri var. fasciculatus
Echinocereus,Echinocereus fendleri var. fendleri
Echinocereus,Echinocereus fendleri var. rectispinus
Echinocactus,Echinocactus horizonthalonius var. horizonthalonius
Echinocactus,Echinocactus horizonthalonius var. nicholii
Echinocereus,Echinocereus pectinatus var. pectinatus
Echinocactus,Echinocactus polycephalus var. polycephalus
Echinocactus,Echinocactus polycephalus var. xeranthemoides
Echinocereus,Echinocereus triglochidiatus var. arizonicus
Echinocereus,Echinocereus triglochidiatus var. neomexicanus
Echinocereus,Echinocereus triglochidiatus var. triglochidiatus
Escobaria,Escobaria missouriensis var. marstonii
Escobaria,Escobaria missouriensis var. missouriensis
Escobaria,Escobaria vivipara var. arizonica
Escobaria,Escobaria vivipara var. rosea
Escobaria,Escobaria vivipara var. vivipara
Ferocactus,Ferocactus acanthodes var. eastwoodiae
Ferocactus,Ferocactus acanthodes var. lecontei
Ferocactus,Ferocactus cylindraceus var. cylindraceus
Ferocactus,Ferocactus cylindraceus var. eastwoodiae
Ferocactus,Ferocactus cylindraceus var. lecontei
Mammillaria,Mammillaria grahamii var. grahamii
Mammillaria,Mammillaria grahamii var. oliviae
Mammillaria,Mammillaria gummifera var. macdougalii
Mammillaria,Mammillaria heyderi var. bullingtoniana
Mammillaria,Mammillaria heyderi var. heyderi
Mammillaria,Mammillaria heyderi var. macdougalii
Mammillaria,Mammillaria heyderi var. meiacantha
Mammillaria,Mammillaria microcarpa var. auricarpa
Mammillaria,Mammillaria wrightii var. wilcoxii
Mammillaria,Mammillaria wrightii var. wrightii
Opuntia,Opuntia acanthocarpa var. acanthocarpa
Opuntia,Opuntia acanthocarpa var. coloradensis
Opuntia,Opuntia acanthocarpa var. major
Opuntia,Opuntia acanthocarpa var. thornberi
Opuntia,Opuntia basilaris var. basilaris
Opuntia,Opuntia basilaris var. longiareolata
Opuntia,Opuntia compressa var. macrorhiza
Opuntia,Opuntia engelmannii var. engelmannii
Opuntia,Opuntia engelmannii var. flavispina
Opuntia,Opuntia erinacea var. erinacea
Opuntia,Opuntia erinacea var. hystricina
Opuntia,Opuntia erinacea var. ursina
Opuntia,Opuntia erinacea var. utahensis
Opuntia,Opuntia fragilis var. brachyarthra
Opuntia,Opuntia fragilis var. denudata
Opuntia,Opuntia fragilis var. fragilis
Opuntia,Opuntia fulgida var. fulgida
Opuntia,Opuntia fulgida var. mamillata
Opuntia,Opuntia imbricata var. imbricata
Opuntia,Opuntia macrocentra var. macrocentra
Opuntia,Opuntia macrorhiza var. macrorhiza
Opuntia,Opuntia macrorhiza var. pottsii
Opuntia,Opuntia phaeacantha var. discata
Opuntia,Opuntia phaeacantha var. flavispina
Opuntia,Opuntia phaeacantha var. laevis
Opuntia,Opuntia phaeacantha var. major
Opuntia,Opuntia phaeacantha var. nigricans
Opuntia,Opuntia phaeacantha var. phaeacantha
Opuntia,Opuntia polyacantha var. juniperina
Opuntia,Opuntia polyacantha var. polyacantha
Opuntia,Opuntia polyacantha var. rufispina
Opuntia,Opuntia polyacantha var. trichophora
Peniocereus,Peniocereus greggii var. greggii
Peniocereus,Peniocereus greggii var. transmontanus
Pediocactus,Pediocactus peeblesianus var. fickeiseniae
Pediocactus,Pediocactus peeblesianus var. peeblesianus
Pediocactus,Pediocactus simpsonii var. simpsonii
Sclerocactus,Sclerocactus parviflorus var. intermedius
Sclerocactus,Sclerocactus whipplei var. intermedius
Opuntia,Opuntia x curvospina
Coryphantha,Coryphantha deserti
Coryphantha,Coryphantha missouriensis
Coryphantha,Coryphantha robustispina
Coryphantha,Coryphantha vivipara
Echinocereus,Echinocereus bonkerae
Echinocereus,Echinocereus boyce-thompsonii
Echinocereus,Echinocereus fasciculatus
Echinomastus,Echinomastus intertextus
Echinocereus,Echinocereus ledingii
Echinocactus,Echinocactus xeranthemoides
Ferocactus,Ferocactus acanthodes
Mammillaria,Mammillaria gummifera
Mammillaria,Mammillaria macdougalii
Mammillaria,Mammillaria meiacantha
Mammillaria,Mammillaria microcarpa
Mammillaria,Mammillaria milleri
Mammillaria,Mammillaria oliviae
Mammillaria,Mammillaria vivipara
Mammillaria,Mammillaria wilcoxii
Neolloydia,Neolloydia intertexta
Opuntia,Opuntia aff. dulcis
Opuntia,Opuntia hystricina
Opuntia,Opuntia laevis
Opuntia,Opuntia mackensenii
Opuntia,Opuntia pottsii
Opuntia,Opuntia rutila
Opuntia,Opuntia tortispina
Opuntia,Opuntia ursina
Opuntia,Opuntia vaseyi
Opuntia,Opuntia violacea
Cereus,Cereus
Echinomastus,Echinomastus
Coryphantha,Coryphantha macromeris
Cylindropuntia,Cylindropuntia davisii
Cylindropuntia,Cylindropuntia kleiniae
Echinocereus,Echinocereus enneacanthus
Echinocereus,Echinocereus pseudopectinatus
Echinocereus,Echinocereus reichenbachii
Echinocereus,Echinocereus stramineus
Echinocactus,Echinocactus texensis
Echinocereus,Echinocereus viridiflorus
Escobaria,Escobaria dasyacantha
Escobaria,Escobaria sandbergii
Escobaria,Escobaria sneedii
Ferocactus,Ferocactus hamatacanthus
Grusonia,Grusonia clavata
Grusonia,Grusonia grahamii
Mammillaria,Mammillaria barbata
Opuntia,Opuntia chihuahuensis
Opuntia,Opuntia cymochila
Opuntia,Opuntia humifusa
Pediocactus,Pediocactus knowltonii
Sclerocactus,Sclerocactus mesae-verdae
Sclerocactus,Sclerocactus uncinatus
Cylindropuntia,Cylindropuntia abysii
Echinocereus,Echinocereus apachensis
Acanthocereus,Acanthocereus
Astrophytum,Astrophytum
Cleistocactus,Cleistocactus
Echinopsis,Echinopsis
Nopalea,Nopalea
Pereskiopsis,Pereskiopsis
Pilosocereus,Pilosocereus
Rhipsalis,Rhipsalis
Selenicereus,Selenicereus
Cylindropuntia,Cylindropuntia acanthocarpa var. coloradensis
Cylindropuntia,Cylindropuntia acanthocarpa var. major
Cylindropuntia,Cylindropuntia acanthocarpa var. thornberi
Cylindropuntia,Cylindropuntia fulgida var. mamillata
Opuntia,Opuntia basilaris var. brachyclada
Opuntia,Opuntia engelmannii var. linguiformis
Opuntia,Opuntia polyacantha var. erinacea
Opuntia,Opuntia polyacantha var. hystricina
Opuntia,Opuntia polyacantha var. nicholii
Acanthocereus,Acanthocereus occidentalis
Aporocactus,Aporocactus flagelliformis
Ariocarpus,Ariocarpus fissuratus
Ariocarpus,Ariocarpus retusus
Ariocarpus,Ariocarpus trigonus
Astrophytum,Astrophytum capricorne
Astrophytum,Astrophytum myriostigma
Astrophytum,Astrophytum ornatum
Bergerocactus,Bergerocactus emoryi
Cleistocactus,Cleistocactus strausii
Cochemiea,Cochemiea poselgeri
Corynopuntia,Corynopuntia emoryi
Coryphantha,Coryphantha radians
Coryphantha,Coryphantha robbinsorum
Coryphantha,Coryphantha sneedii
Cylindropuntia,Cylindropuntia abyssi
Cylindropuntia,Cylindropuntia alcahes
Cylindropuntia,Cylindropuntia cholla
Cylindropuntia,Cylindropuntia fosbergii
Cylindropuntia,Cylindropuntia munzii
Cylindropuntia,Cylindropuntia prolifera
Cylindropuntia,Cylindropuntia tesajo
Cylindropuntia,Cylindropuntia tunicata
Cylindropuntia,Cylindropuntia wolfii
Echinocactus,Echinocactus platyacanthus
Echinocereus,Echinocereus arizonicus
Echinocereus,Echinocereus brandegeei
Echinocereus,Echinocereus ferreirianus
Echinocereus,Echinocereus leucanthus
Echinocereus,Echinocereus maritimus
Echinocereus,Echinocereus pentalophus
Echinocereus,Echinocereus scopulorum
Echinocereus,Echinocereus websterianus
Encephalocarpus,Encephalocarpus strobiliformis
Ferocactus,Ferocactus diguetii
Ferocactus,Ferocactus gatesii
Ferocactus,Ferocactus gracilis
Ferocactus,Ferocactus herrerae
Ferocactus,Ferocactus pottsii
Ferocactus,Ferocactus tiburonensis
Glandulicactus,Glandulicactus uncinatus
Grusonia,Grusonia invicta
Grusonia,Grusonia reflexispina
Lophophora,Lophophora williamsii
Mammillaria,Mammillaria albicans
Mammillaria,Mammillaria armillata
Mammillaria,Mammillaria bocensis
Mammillaria,Mammillaria boolii
Mammillaria,Mammillaria capensis
Mammillaria,Mammillaria compressa
Mammillaria,Mammillaria dioica
Mammillaria,Mammillaria evermanniana
Mammillaria,Mammillaria johnstonii
Mammillaria,Mammillaria mazatlanensis
Mammillaria,Mammillaria multidigitata
Mammillaria,Mammillaria parkinsonii
Mammillaria,Mammillaria plumosa
Mammillaria,Mammillaria saboae
Mammillaria,Mammillaria senilis
Mammillaria,Mammillaria sheldonii
Mammillaria,Mammillaria standleyi
Mammillaria,Mammillaria swinglei
Mammillaria,Mammillaria tayloriorum
Mammillaria,Mammillaria yaquensis
Myrtillocactus,Myrtillocactus cochal
Myrtillocactus,Myrtillocactus geometrizans
Nopalea,Nopalea cochenillifera
Nopalea,Nopalea karwinskiana
Nyctocereus,Nyctocereus serpentinus
Obregonia,Obregonia denegrii
Opuntia,Opuntia bravoana
Opuntia,Opuntia duranguensis
Opuntia,Opuntia durangensis
Opuntia,Opuntia fuliginosa
Opuntia,Opuntia karwinskiana
Opuntia,Opuntia oricola
Opuntia,Opuntia puberula
Opuntia,Opuntia pubescens
Opuntia,Opuntia pumila
Opuntia,Opuntia pycnantha
Opuntia,Opuntia streptacantha
Opuntia,Opuntia strigil
Opuntia,Opuntia tapona
Opuntia,Opuntia wilcoxii
Pachycereus,Pachycereus pecten-aboriginum
Pachycereus,Pachycereus pringlei
Peniocereus,Peniocereus marianus
Pereskia,Pereskia grandifolia
Pereskia,Pereskia sacharosa
Pereskiopsis,Pereskiopsis porteri
Pilosocereus,Pilosocereus alensis
Selenicereus,Selenicereus pteranthus
Selenicereus,Selenicereus vagans
Stenocereus,Stenocereus alamosensis
Stenocereus,Stenocereus gummosus
Stenocereus,Stenocereus montanus
Tephrocactus,Tephrocactus articulatus
Thelocactus,Thelocactus bicolor
Trichocereus,Trichocereus thelegonus
Glandulicactus,Glandulicactus uncinatus var. wrightii
Cylindropuntia,Cylindropuntia californica
Cylindropuntia,Cylindropuntia ganderi
Echinocereus,Echinocereus scheeri
Echinocereus,Echinocereus stoloniferus
Mammillaria,Mammillaria occidentalis
Cereus,Cereus hildmannianus
Cereus,Cereus peruvianus
Coryphantha,Coryphantha robustispina subsp. scheeri
Cylindropuntia,Cylindropuntia californica subsp. parkeri
Echinocereus,Echinocereus scheeri subsp. gentryi
Echinocereus,Echinocereus scheeri var. obscuriensis
Echinocereus,Echinocereus stoloniferus var. tayopensis
Echinomastus,Echinomastus johnsonii var. lutescens
Cylindropuntia,Cylindropuntia bigelovii var. bigelovii
Cylindropuntia,Cylindropuntia fulgida var. fulgida
Cylindropuntia,Cylindropuntia acanthocarpa var. acanthocarpa
Cylindropuntia,Cylindropuntia imbricata var. imbricata
Opuntia,Opuntia basilaris var. treleasei
Echinocereus,Echinocereus fasciculatus var. fasciculatus
Echinomastus,Echinomastus erectocentrus var. erectocentrus
Echinomastus,Echinomastus intertextus var. intertextus
Opuntia,Opuntia engelmannii var. lindheimeri
Cylindropuntia,Cylindropuntia x campii
Cylindropuntia,Cylindropuntia X deserta
Cylindropuntia,Cylindropuntia x multigeniculata
Opuntia,Opuntia x occidentalis
Opuntia,Opuntia x vaseyi
Cephalocereus,Cephalocereus alensis
Cylindropuntia,Cylindropuntia parryi
Cylindropuntia,Cylindropuntia thurberi
Grusonia,Grusonia marenae
Mammillaria,Mammillaria halei
Mammillaria,Mammillaria pondii
Mammillaria,Mammillaria sonorensis
Opuntia,Opuntia alcahes
Opuntia,Opuntia cholla
Opuntia,Opuntia linguiformis
Opuntia,Opuntia neoarbuscula
Opuntia,Opuntia prolifera
Opuntia,Opuntia reflexispina
Opuntia,Opuntia rosarica
Opuntia,Opuntia tesajo
Opuntia,Opuntia thurberi
Opuntia,Opuntia tunicata
Echinocereus,Echinocereus bristolii var. pseudopectinatus
Echinocereus,Echinocereus engelmannii subsp. fasciculatus
Lophocereus,Lophocereus schottii var. australis
Lophocereus,Lophocereus schottii var. tenuis
Cylindropuntia,Cylindropuntia californica subsp. californica
Cylindropuntia,Cylindropuntia ganderi subsp. ganderi
Cylindropuntia,Cylindropuntia molesta subsp. molesta
Echinocereus,Echinocereus rigidissimus var. rigidissimus
Echinocereus,Echinocereus scheeri var. scheeri
Lophocereus,Lophocereus schottii var. schottii
Cephalocereus,Cephalocereus
Opuntia,Opuntia ellisiana
Opuntia,Opuntia x curvispina
Pediocactus,Pediocactus peeblesianus subsp. peeblesianus
Coryphantha,Coryphantha tuberculosa
Coryphantha,Coryphantha duncanii
Escobaria,Escobaria robbinsorum
Coryphantha,Coryphantha dasyacantha
Coryphantha,Coryphantha organensis
Coryphantha,Coryphantha vivipara var. vivipara
Coryphantha,Coryphantha missouriensis var. missouriensis
Cylindropuntia,Cylindropuntia acanthocarpa x C. spinosior
Cylindropuntia,Cylindropuntia leptocaulis x spinosior
Rhipsalis,Rhipsalis baccifera
Acanthocereus,Acanthocereus pentagonus
Mammillaria,Mammillaria longimamma
Opuntia,Opuntia aciculata
Opuntia,Opuntia robusta
Opuntia,Opuntia rufida
Opuntia,Opuntia stenopetala
Opuntia,Opuntia stricta
Opuntia,Opuntia subulata
Opuntia,Opuntia tomentosa
Opuntia,Opuntia undulata
Pereskia,Pereskia aculeata
Rathbunia,Rathbunia alamosensis
Cephalocereus,Cephalocereus apicicephalium
Cephalocereus,Cephalocereus senilis
Cleistocactus,Cleistocactus smaragdiflorus
Coryphantha,Coryphantha compacta
Coryphantha,Coryphantha delaetiana
Coryphantha,Coryphantha echinus
Coryphantha,Coryphantha pycnacantha
Coryphantha,Coryphantha ramillosa
Coryphantha,Coryphantha rosea
Coryphantha,Coryphantha scheeri var. uncinata
Cylindropuntia,Cylindropuntia anteojoensis
Cylindropuntia,Cylindropuntia imbricata var. argentea
Cylindropuntia,Cylindropuntia kelvinensis
Cylindropuntia,Cylindropuntia multigeniculata
Cylindropuntia,Cylindropuntia neoarbuscula
Cylindropuntia,Cylindropuntia viridiflora
Echinocereus,Echinocereus arizonicus subsp. nigrihorridispinus
Echinocereus,Echinocereus chisoensis
Echinocereus,Echinocereus engelmannii subsp. decumbens
Echinocereus,Echinocereus longisetus
Echinocereus,Echinocereus poselgeri
Echinocereus,Echinocereus rosei
Echinocereus,Echinocereus russanthus
Echinocereus,Echinocereus subinermis
Echinopsis,Echinopsis chamaecereus
Escobaria,Escobaria chihuahuensis
Escobaria,Escobaria hesteri
Escobaria,Escobaria minima
Grusonia,Grusonia aggeria
Grusonia,Grusonia schottii
Mammillaria,Mammillaria crinita
Mammillaria,Mammillaria gaumeri
Mammillaria,Mammillaria glochidiata
Mammillaria,Mammillaria karwinskiana
Mammillaria,Mammillaria magnimamma
Mammillaria,Mammillaria pottsii
Mammillaria,Mammillaria tobuschii
Mammillaria,Mammillaria wagneriana
Neolloydia,Neolloydia conoidea
Nopalea,Nopalea auberi
Nopalea,Nopalea dejecta
Nopalea,Nopalea gaumeri
Nopalea,Nopalea inaperta
Opuntia,Opuntia abyssi
Opuntia,Opuntia acanthocarpa var. ramosa
Opuntia,Opuntia amarilla
Opuntia,Opuntia atrispina
Opuntia,Opuntia aureispina
Opuntia,Opuntia austrina
Opuntia,Opuntia Camanchica
Opuntia,Opuntia chaffeyi
Opuntia,Opuntia charlestonensis
Opuntia,Opuntia chisosensis
Opuntia,Opuntia decumbens
Opuntia,Opuntia deserta
Opuntia,Opuntia edwardsii
Opuntia,Opuntia ganderi
Opuntia,Opuntia intricata
Opuntia,Opuntia lasiacantha
Opuntia,Opuntia leucotricha
Opuntia,Opuntia lindheimeri
Opuntia,Opuntia macdougaliana
Opuntia,Opuntia maxoni
Opuntia,Opuntia multigeniculata
Opuntia,Opuntia pachona
Opuntia,Opuntia pachyrrhiza
Opuntia,Opuntia parryi
Opuntia,Opuntia phaeacantha var. camanchica
Opuntia,Opuntia polyacantha var. arenaria
Opuntia,Opuntia repens
Opuntia,Opuntia setispina
Opuntia,Opuntia stricta var. dillenii
Opuntia,Opuntia tuna
Opuntia,Opuntia velutina
Pachycereus,Pachycereus marginatus
Pereskiopsis,Pereskiopsis kellermanii
Pilosocereus,Pilosocereus leucocephalus
Schlumbergera,Schlumbergera
Sclerocactus,Sclerocactus parviflorus subsp. terrae-canyonae
Thelocactus,Thelocactus rinconensis
Acharagma,Acharagma roseana
Ancistrocactus,Ancistrocactus uncinatus
Consolea,Consolea corallicola
Echinofossulocactus,Echinofossulocactus multicostatus
Machaerocereus,Machaerocereus gummosus
Opuntia,Opuntia lindheimeri var. linguiformis
Echinocereus,Echinocereus papillosus
Brasiliopuntia,Brasiliopuntia brasiliensis
Coryphantha,Coryphantha robustispina subsp. robustispina
Coryphantha,Coryphantha robustispina subsp. uncinata
Cylindropuntia,Cylindropuntia californica var. californica
Cylindropuntia,Cylindropuntia californica var. parkeri
Cylindropuntia,Cylindropuntia x fosbergii
Cylindropuntia,Cylindropuntia x viridiflora
Echinocereus,Echinocereus coccineus var. paucispinus
Echinocereus,Echinocereus fendleri subsp. fendleri
Echinocereus,Echinocereus fendleri subsp. rectispinus
Escobaria,Escobaria sneedii var. sneedii
Opuntia,Opuntia cochenillifera
Opuntia,Opuntia dillenii
Opuntia,Opuntia monacantha
Thelocactus,Thelocactus bicolor var. flavidispinus
Coryphantha,Coryphantha hesteri
Coryphantha,Coryphantha minima
Echinocactus,Echinocactus polycephalus subsp. xeranthemoides
Echinocactus,Echinocactus uncinatus
Echinocereus,Echinocereus berlandieri
Echinocereus,Echinocereus chloranthus
Echinocereus,Echinocereus enneacanthus var. stramineus
Echinocereus,Echinocereus fendleri var. kuenzleri
Echinomastus,Echinomastus intertextus var. dasyacanthus
Epiphyllum,Epiphyllum
Ferocactus,Ferocactus cylindraceus subsp. lecontei
Mammillaria,Mammillaria heyderi subsp. macdougalii
Mammillaria,Mammillaria heyderi subsp. meiacantha
Opuntia,Opuntia abjecta
Opuntia,Opuntia aggeria
Opuntia,Opuntia arenaria
Opuntia,Opuntia basilaris var. heilii
Opuntia,Opuntia californica var. parkeri
Opuntia,Opuntia drummondii
Opuntia,Opuntia engelmannii var. dulcis
Opuntia,Opuntia grahamii
Opuntia,Opuntia humifusa var. humifusa
Opuntia,Opuntia imbricata var. argentea
Opuntia,Opuntia lindheimeri var. cuija
Opuntia,Opuntia rafinesquei
Opuntia,Opuntia schottii
Opuntia,Opuntia spinosissima
Opuntia,Opuntia wolfii
Opuntia,Opuntia x deserta
Opuntia,Opuntia X multigeniculata
Rhipsalis,Rhipsalis cassutha
Sclerocactus,Sclerocactus cloveriae
Sclerocactus,Sclerocactus whipplei var. heilii
Echinocereus,Echinocereus chloranthus var. russanthus
Homalocephala,Homalocephala texensis
Ancistrocactus,Ancistrocactus brevihamatus
Ancistrocactus,Ancistrocactus scheeri
Cereus,Cereus undatus
Coryphantha,Coryphantha macromeris var. macromeris
Coryphantha,Coryphantha neomexicana
Coryphantha,Coryphantha nickelsiae
Coryphantha,Coryphantha robertii
Coryphantha,Coryphantha scolymoides
Coryphantha,Coryphantha sneedii var. leei
Echinocereus,Echinocereus chloranthus var. cylindricus
Echinocereus,Echinocereus chloranthus var. neocapillus
Echinocereus,Echinocereus davisii
Echinocereus,Echinocereus engelmannii var. armatus
Echinocereus,Echinocereus engelmannii var. howei
Echinocereus,Echinocereus engelmannii var. purpureus
Echinocereus,Echinocereus enneacanthus subsp. brevispinus
Echinocereus,Echinocereus enneacanthus var. enneacanthus
Echinocereus,Echinocereus fitchii
Echinocereus,Echinocereus reichenbachii subsp. fitchii
Echinocereus,Echinocereus reichenbachii subsp. perbellus
Echinocereus,Echinocereus reichenbachii var. albertii
Echinocereus,Echinocereus reichenbachii var. fitchii
Echinocereus,Echinocereus reichenbachii var. perbellus
Echinocereus,Echinocereus reichenbachii var. reichenbachii
Echinocereus,Echinocereus triglochidiatus var. gurneyi
Echinocereus,Echinocereus viridiflorus subsp. cylindricus
Echinocereus,Echinocereus viridiflorus var. chloranthus
Echinocereus,Echinocereus viridiflorus var. correllii
Echinocereus,Echinocereus viridiflorus var. cylindricus
Echinocereus,Echinocereus viridiflorus var. davisii
Echinocereus,Echinocereus viridiflorus var. viridiflorus
Echinocereus,Echinocereus x roetteri
Echinomastus,Echinomastus mariposensis
Echinomastus,Echinomastus warnockii
Epiphyllum,Epiphyllum hookeri
Epiphyllum,Epiphyllum oxypetalum
Epiphyllum,Epiphyllum phyllanthus
Epithelantha,Epithelantha bokei
Escobaria,Escobaria chaffeyi
Escobaria,Escobaria guadalupensis
Escobaria,Escobaria sneedii var. leei
Escobaria,Escobaria vivipara var. radiosa
Hylocereus,Hylocereus
Mammillaria,Mammillaria heyderi var. hemisphaerica
Mammillaria,Mammillaria prolifera
Mammillaria,Mammillaria runyonii
Neolloydia,Neolloydia warnockii
Opuntia,Opuntia cantabrigiensis
Opuntia,Opuntia megacantha
Opuntia,Opuntia ochrocentra
Opuntia,Opuntia phaeacantha var. spinosibacca
Opuntia,Opuntia x columbiana
Pediocactus,Pediocactus despainii
Sclerocactus,Sclerocactus brevispinus
Sclerocactus,Sclerocactus glaucus
Sclerocactus,Sclerocactus mariposensis
Sclerocactus,Sclerocactus nyensis
Sclerocactus,Sclerocactus polyancistrus
Sclerocactus,Sclerocactus pubispinus
Sclerocactus,Sclerocactus whipplei var. glaucus
Selenicereus,Selenicereus coniflorus
Selenicereus,Selenicereus spinulosus
Thelocactus,Thelocactus bicolor var. bicolor
Thelocactus,Thelocactus setispinus
Turbinicarpus,Turbinicarpus gautii
Coryphantha,Coryphantha sulcata var. nickelsiae
Epiphyllum,Epiphyllum phyllanthus var. hookeri
Hylocereus,Hylocereus undatus
Mammillaria,Mammillaria prolifera var. texana
Sclerocactus,Sclerocactus brevihamatus subsp. tobuschii
Mammillaria,Mammillaria saboae subsp. goldii
Pereskiopsis,Pereskiopsis blakeana
Cephalocereus,Cephalocereus purpusii
Cereus,Cereus stellatus
Echinocereus,Echinocereus chloranthus subsp. rhyolithensis
Echinocereus,Echinocereus coccineus subsp. rosei
Epiphyllum,Epiphyllum strictum
Grusonia,Grusonia bradtiana
Mammillaria,Mammillaria elegans
Mammillaria,Mammillaria ortegae
Mammillaria,Mammillaria perezdelarosae
Mammillaria,Mammillaria radiosa
Melocactus,Melocactus dawsonii
Opuntia,Opuntia amyclaea
Opuntia,Opuntia atropes
Opuntia,Opuntia auberi
Opuntia,Opuntia dejecta
Opuntia,Opuntia excelsa
Opuntia,Opuntia scheeri
Peniocereus,Peniocereus cuixmalensis
Peniocereus,Peniocereus rosei
Selenicereus,Selenicereus testudo
Stenocereus,Stenocereus standleyi
Stenocereus,Stenocereus treleasei
Trichocereus,Trichocereus spachianus
Echinocereus,Echinocereus klapperi
Peniocereus,Peniocereus serpentinus
Mammillaria,Mammillaria grahamii subsp. grahamii
Mammillaria,Mammillaria grahamii subsp. sheldonii
Stenocereus,Stenocereus alamosensis x thurberi
Cylindropuntia,Cylindropuntia leptocaulis x versicolor
Coryphantha,Coryphantha jaumavei
Cylindropuntia,Cylindropuntia whipplei var. enodis
Disocactus,Disocactus phyllanthoides
Disocactus,Disocactus speciosus
Echinocereus,Echinocereus palmeri
Echinocereus,Echinocereus pentalophus subsp. leonensis
Echinofossulocactus,Echinofossulocactus lexarzai
Epiphyllum,Epiphyllum anguliger
Epiphyllum,Epiphyllum pumilum
Mammillaria,Mammillaria formosa
Opuntia,Opuntia cochinera
Opuntia,Opuntia depressa
Opuntia,Opuntia pilifera
Opuntia,Opuntia spinulifera
Pereskia,Pereskia lychnidiflora
Pereskiopsis,Pereskiopsis aquosa
Pilosocereus,Pilosocereus collinsii
Stenocereus,Stenocereus griseus
Stenocereus,Stenocereus kerberi
Turbinicarpus,Turbinicarpus pseudopectinatus
Backebergia,Backebergia militaris
Mammillaria,Mammillaria elongata subsp. echinaria
Polaskia,Polaskia chichipe
Opuntia,Opuntia curvospina
Cylindropuntia,Cylindropuntia ganderi var. catavinensis
Ariocarpus,Ariocarpus fissuratus var. fissuratus
Echinocereus,Echinocereus stramineus var. stramineus
Sclerocactus,Sclerocactus cloverae
Sclerocactus,Sclerocactus wetlandicus
Echinocereus,Echinocereus coccineus subsp. coccineus
Ferocactus,Ferocactus wislizeni var. wislizeni
Cereus,Cereus schottii var. schottii
Echinocereus,Echinocereus bonkerae subsp. apachensis
Echinocereus,Echinocereus bonkerae subsp. bonkerae
Echinocereus,Echinocereus engelmannii subsp. engelmannii
Ferocactus,Ferocactus histrix
Ferocactus,Ferocactus pilosus
Cylindropuntia,Cylindropuntia leptocaulis x whipplei
Cereus,Cereus childsii
Cylindropuntia,Cylindropuntia thurberi subsp. thurberi
Cylindropuntia,Cylindropuntia thurberi subsp. versicolor
Echinocereus,Echinocereus yavapaiensis
Echinocereus,Echinocereus arizonicus subsp. matudae
Hylocereus,Hylocereus purpusii
Opuntia,Opuntia x campii
mammillaria,mammillaria crinita subsp. crinita
Mammillaria,Mammillaria candida
Disocactus,Disocactus schrankii
Cylindropuntia,Cylindropuntia whipplei var. whipplei
Echinocactus,Echinocactus polycephalus subsp. polycephalus
Stenocereus,Stenocereus thurberi var. thurberi
Opuntia,Opuntia spinosibacca
Neolloydia,Neolloydia erectocentra var. erectocentra
Opuntia,Opuntia x andersonii
Grusonia,Grusonia wrightiana
Opuntia,Opuntia engelmannii x phaeacantha
Cylindropuntia,Cylindropuntia bigelovii var. ciribe
Erdisia,Erdisia
Echinocereus,Echinocereus llanuraensis
Echinocereus,Echinocereus arizonicus subsp. arizonicus
Echinocactus,Echinocactus parryi
Cylindropuntia,Cylindropuntia ganderi var. ganderi
Opuntia,Opuntia diploursina
Opuntia,Opuntia cespitosa
Echinocereus,Echinocereus santaritensis subsp. santaritensis
Echinocereus,Echinocereus santaritensis subsp. bacanorensis
Echinocereus,Echinocereus sanpedroensis
Echinocereus,Echinocereus fendleri subsp. kuenzleri
Echinocereus,Echinocereus reichenbachii subsp. caespitosus
Cylindropuntia,Cylindropuntia chuckwallensis
Opuntia,Opuntia x charlestonensis
Coryphantha,Coryphantha sneedii var. sneedii
Echinocereus,Echinocereus chisoensis var. chisoensis
Pereskia,Pereskia bahiensis
Ancistrocactus,Ancistrocactus pinkavanus
Ariocarpus,Ariocarpus retusus subsp. trigonus
Cleistocactus,Cleistocactus winteri
Corynopuntia,Corynopuntia aggeria
Corynopuntia,Corynopuntia schottii
Coryphantha,Coryphantha longicornis
Coryphantha,Coryphantha poselgeriana
Cylindropuntia,Cylindropuntia acanthocarpa subsp. coloradensis
Cylindropuntia,Cylindropuntia acanthocarpa subsp. thornberi
Cylindropuntia,Cylindropuntia imbricata subsp. argentea
Disocactus,Disocactus macranthus
Disocactus,Disocactus nelsonii
Echinocereus,Echinocereus stolonifer
Echinocereus,Echinocereus stolonifer subsp. tayopensis
Echinomastus,Echinomastus johnsonii var. johnsonii
Epithelantha,Epithelantha micromeris subsp. greggii
Escobaria,Escobaria chihuahuensis subsp. henricksonii
Ferocactus,Ferocactus echidne
Grusonia,Grusonia densispina
Heliocereus,Heliocereus speciosus
Hylocereus,Hylocereus escuintlensis
Lophophora,Lophophora diffusa
Mammillaria,Mammillaria magallanii
Micropuntia,Micropuntia pulchella
Opuntia,Opuntia azurea
Opuntia,Opuntia bigelovii var. bigelovii
Opuntia,Opuntia echinocarpa var. echinocarpa
Opuntia,Opuntia grandis
Opuntia,Opuntia guilanchi
Opuntia,Opuntia hitchcockii
Opuntia,Opuntia hyptiacantha
Opuntia,Opuntia jaliscana
Opuntia,Opuntia joconostle
Opuntia,Opuntia megarhiza
Opuntia,Opuntia mesacantha subsp. lata
Opuntia,Opuntia polyacantha var. hystericina
Opuntia,Opuntia robinsonii
Opuntia,Opuntia santarita
Opuntia,Opuntia spraguei
Peniocereus,Peniocereus fosterianus
Pereskia,Pereskia humboldtii var. humboldtii
Pereskia,Pereskia nemorosa
Pereskiopsis,Pereskiopsis diguetii
Pereskiopsis,Pereskiopsis rotundifolia
Pilosocereus,Pilosocereus chrysacanthus
Pilosocereus,Pilosocereus purpusii
Pseudorhipsalis,Pseudorhipsalis ramulosa
Pterocereus,Pterocereus gaumeri
Stenocactus,Stenocactus crispatus
Cereus,Cereus marginatus
Chamaecereus,Chamaecereus silvestrii
Coryphantha,Coryphantha sneedii var. albicolumnaria
Coryphantha,Coryphantha sneedii var. guadalupensis
Coryphantha,Coryphantha varicolor
Cylindropuntia,Cylindropuntia alcahes var. burrageana
Cylindropuntia,Cylindropuntia imbricata subsp. imbricata
Cylindropuntia,Cylindropuntia molesta var. clavellina
Cylindropuntia,Cylindropuntia vivipara
Disocactus,Disocactus ramulosus
Echinocereus,Echinocereus aggregatus
Echinocereus,Echinocereus coccineus subsp. paucispinus
Echinocereus,Echinocereus engelmannii subsp. variegatus
Echinocereus,Echinocereus enneacanthus subsp. enneacanthus
Echinocereus,Echinocereus rigidissimus subsp. rigidissimus
Echinocereus,Echinocereus salm-dyckianus
Echinocereus,Echinocereus stolonifer var. tayopensis
Echinocereus,Echinocereus stoloniferus subsp. tayopensis
Ferocactus,Ferocactus cylindraceus subsp. cylindraceus
Hamatocactus,Hamatocactus uncinatus
Heliocereus,Heliocereus elegantissimus
Mammillaria,Mammillaria egregia
Mammillaria,Mammillaria garessii
Mammillaria,Mammillaria morricalii
Mammillaria,Mammillaria santaclarensis
Neolloydia,Neolloydia orcuttii
Nopalea,Nopalea nuda
Opuntia,Opuntia chavena
Opuntia,Opuntia cretochaeta
Opuntia,Opuntia engelmannii subsp. engelmannii
Opuntia,Opuntia glaucescens
Opuntia,Opuntia guerrana
Opuntia,Opuntia heliabravoana
Opuntia,Opuntia icterica
Pediocactus,Pediocactus simpsonii var. nigrispinus
Thelocactus,Thelocactus bicolor var. pottsii
Turbinicarpus,Turbinicarpus gracilis
Ancistrocactus,Ancistrocactus brevihamatus var. pallidus
Echinocereus,Echinocereus coccineus subsp. transpecosensis
Coryphantha,Coryphantha echinus var. robusta
Opuntia,Opuntia azurea var. diplopurpurea
Opuntia,Opuntia azurea var. parva
Opuntia,Opuntia azurea var. discolor
Echinocereus,Echinocereus viridiflorus var. canus
Ferocactus,Ferocactus wislizenii
Mammillaria,Mammillaria pringlei
Opuntia,Opuntia x rooneyi
Opuntia,Opuntia tehuantepecana
Consolea,Consolea spinosissima
Epiphyllum,Epiphyllum laui
Weberocereus,Weberocereus glaber
Mammillaria,Mammillaria beneckei
Selenicereus,Selenicereus atropilosus
Stenocereus,Stenocereus martinezii
Lemaireocereus,Lemaireocereus griseus
Pereskia,Pereskia tampicana
Mammillaria,Mammillaria limonensis
Cephalocereus,Cephalocereus palmeri
Nopalxochia,Nopalxochia ackermannii
Echinocereus,Echinocereus canyonensis
Disocactus,Disocactus cinnabarinus
Opuntia,Opuntia feroacantha
Pereskia,Pereskia zinniiflora
Opuntia,Opuntia pailana
Opuntia,Opuntia nejapensis
Pediocactus,Pediocactus peeblesianus subsp. fickeiseniorum
Mammillaria,Mammillaria heyderi subsp. heyderi
Echinocereus,Echinocereus viridiflorus subsp. viridiflorus
Selenicereus,Selenicereus grandiflorus subsp. lautneri
Echinocereus,Echinocereus pulchellus subsp. sharpii
Ariocarpus,Ariocarpus retusus subsp. retusus
Sclerocactus,Sclerocactus whipplei var. whipplei
Cylindropuntia,Cylindropuntia alcahes var. alcahes
Opuntia,Opuntia mesacantha
Ferocactus,Ferocactus recurvus
Echinocereus,Echinocereus relictus
Echinocereus,Echinocereus chisoensis subsp. chisoensis
Cylindropuntia,Cylindropuntia acanthocarpa var. ramosa
Opuntia,Opuntia curvispina
Echinomastus,Echinomastus johnsonii subsp. johnsonii
Echinocereus,Echinocereus bacanorensis
Echinocereus,Echinocereus milleri
Opuntia,Opuntia nemoralis
Echinocereus,Echinocereus stolonifer subsp. stolonifer
Opuntia,Opuntia mesacantha subsp. mesacantha
Cylindropuntia,Cylindropuntia molesta var. molesta
Opuntia,Opuntia violacea var. violacea
